"","PC Name","No","Type","State","Winning Candidate","Party","Electors","Votes","Turnout","Margin","Margin %"
"1","Agra",18,"SC","Uttar Pradesh [2000 Onwards]","Dr. Ram Shankar Katheria","Bharatiya Janta Party",1814739,1070400,"59.00%",300263,"28.10%"
"2","Ahmadnagar",37,"GEN","Maharashtra","Gandhi Dilipkumar Mansukhlal","Bharatiya Janta Party",1699408,1062318,"62.50%",209122,"19.70%"
"3","Ahmedabad East",7,"GEN","Gujarat","Paresh Rawal","Bharatiya Janta Party",1601832,985525,"61.50%",326633,"33.10%"
"4","Ahmedabad West",8,"SC","Gujarat","Dr. Kirit P Solanki","Bharatiya Janta Party",1534400,964609,"62.90%",320311,"33.20%"
"5","Ajmer",13,"GEN","Rajasthan","Sanwar Lal Jat","Bharatiya Janta Party",1683292,1156314,"68.70%",171983,"14.90%"
"6","Akbarpur",44,"GEN","Uttar Pradesh [2000 Onwards]","Devendra Singh @ Bhole Singh","Bharatiya Janta Party",1768623,971375,"54.90%",278997,"28.70%"
"7","Akola",6,"GEN","Maharashtra","Dhotre Sanjay Shamrao","Bharatiya Janta Party",1646463,978491,"59.40%",203116,"20.80%"
"8","Aligarh",15,"GEN","Uttar Pradesh [2000 Onwards]","Satish Kumar","Bharatiya Janta Party",1793126,1064357,"59.40%",286736,"26.90%"
"9","Allahabad",52,"GEN","Uttar Pradesh [2000 Onwards]","Shyama Charan Gupta","Bharatiya Janta Party",1666569,891582,"53.50%",62009,"7.00%"
"10","Almora",3,"SC","Uttarakhand","Ajay Tamta","Bharatiya Janta Party",1254328,656525,"52.30%",95690,"14.60%"
"11","Alwar",8,"GEN","Rajasthan","Chand Nath","Bharatiya Janta Party",1628067,1062305,"65.30%",283895,"26.70%"
"12","Ambala",1,"SC","Haryana","Rattan Lal Kataria","Bharatiya Janta Party",1692227,1218995,"72.00%",340074,"27.90%"
"13","Ambedkar Nagar",55,"GEN","Uttar Pradesh [2000 Onwards]","Hari Om Pandey","Bharatiya Janta Party",1718774,1034404,"60.20%",139429,"13.50%"
"14","Amreli",14,"GEN","Gujarat","Kachhadiya Naranbhai Bhikhabhai","Bharatiya Janta Party",1486286,808816,"54.40%",156232,"19.30%"
"15","Amroha",9,"GEN","Uttar Pradesh [2000 Onwards]","Kanwar Singh Tanwar","Bharatiya Janta Party",1544242,1095860,"71.00%",158214,"14.40%"
"16","Anand",16,"GEN","Gujarat","Dilip Patel","Bharatiya Janta Party",1496859,970894,"64.90%",63426,"6.50%"
"17","Andaman And Nicobar Islands",1,"GEN","Andaman & Nicobar Islands","Bishnu Pada Ray","Bharatiya Janta Party",269360,190328,"70.70%",7812,"4.10%"
"18","Aonla",24,"GEN","Uttar Pradesh [2000 Onwards]","Dharmendra Kumar","Bharatiya Janta Party",1653577,995641,"60.20%",138429,"13.90%"
"19","Arrah",32,"GEN","Bihar [2000 Onwards]","Raj Kumar Singh","Bharatiya Janta Party",1832332,893213,"48.80%",135870,"15.20%"
"20","Arunachal West",1,"GEN","Arunachal Pradesh","Kiren Rijiju","Bharatiya Janta Party",446515,335665,"75.20%",41738,"12.40%"
"21","Asansol",40,"GEN","West Bengal","Babul Supriya Baral (BABUL SUPRIYO)","Bharatiya Janta Party",1469684,1142395,"77.70%",70480,"6.20%"
"22","Aurangabad",37,"GEN","Bihar [2000 Onwards]","Sushil Kumar Singh","Bharatiya Janta Party",1536153,786274,"51.20%",66347,"8.40%"
"23","Bagalkot",3,"GEN","Karnataka","Gaddigoudar Parvtagouda Chandanagouda","Bharatiya Janta Party",1568620,1079310,"68.80%",116560,"10.80%"
"24","Baghpat",11,"GEN","Uttar Pradesh [2000 Onwards]","Dr. Satya Pal Singh","Bharatiya Janta Party",1505175,1004263,"66.70%",209866,"20.90%"
"25","Bahraich",56,"SC","Uttar Pradesh [2000 Onwards]","Sadhvi Savitri Bai Foole","Bharatiya Janta Party",1638645,934263,"57.00%",95645,"10.20%"
"26","Balaghat",15,"GEN","Madhya Pradesh [2000 Onwards]","Bodhsingh Bhagat","Bharatiya Janta Party",1629769,1113364,"68.30%",96041,"8.60%"
"27","Ballia",72,"GEN","Uttar Pradesh [2000 Onwards]","Bharat Singh","Bharatiya Janta Party",1768271,942211,"53.30%",139434,"14.80%"
"28","Banaskantha",2,"GEN","Gujarat","Chaudhary Haribhai Parthibhai","Bharatiya Janta Party",1515711,886634,"58.50%",202334,"22.80%"
"29","Banda",48,"GEN","Uttar Pradesh [2000 Onwards]","Bhairon Prasad Mishra","Bharatiya Janta Party",1601917,858326,"53.60%",115788,"13.50%"
"30","Bangalore Central",25,"GEN","Karnataka","P.C. Mohan","Bharatiya Janta Party",1931663,1074589,"55.60%",137500,"12.80%"
"31","Bangalore North",24,"GEN","Karnataka","D.V Sadananda Gowda","Bharatiya Janta Party",2401472,1356718,"56.50%",229764,"16.90%"
"32","Bangalore South",26,"GEN","Karnataka","Ananth Kumar","Bharatiya Janta Party",1999882,1113726,"55.70%",228575,"20.50%"
"33","Bansgaon",67,"SC","Uttar Pradesh [2000 Onwards]","Kamlesh Paswan","Bharatiya Janta Party",1760110,877877,"49.90%",189516,"21.60%"
"34","Banswara",20,"ST","Rajasthan","Manshankar Ninama","Bharatiya Janta Party",1692502,1171188,"69.20%",91916,"7.80%"
"35","Bara Banki",53,"SC","Uttar Pradesh [2000 Onwards]","Priyanka Singh Rawat","Bharatiya Janta Party",1721282,1068168,"62.10%",211878,"19.80%"
"36","Bardoli",23,"ST","Gujarat","Vasava Parbhubhai Nagarbhai","Bharatiya Janta Party",1614106,1206179,"74.70%",123884,"10.30%"
"37","Bareilly",25,"GEN","Uttar Pradesh [2000 Onwards]","Santosh Kumar Gangwar","Bharatiya Janta Party",1664081,1017891,"61.20%",240685,"23.60%"
"38","Barmer",17,"GEN","Rajasthan","Col. Sona Ram","Bharatiya Janta Party",1677582,1219119,"72.70%",87461,"7.20%"
"39","Bastar",10,"ST","Chhattisgarh","Dinesh Kashyap","Bharatiya Janta Party",1298059,769913,"59.30%",124359,"16.20%"
"40","Basti",61,"GEN","Uttar Pradesh [2000 Onwards]","Harish Chandra Alias Harish Dwivedi","Bharatiya Janta Party",1847613,1048534,"56.80%",33562,"3.20%"
"41","Beed",39,"GEN","Maharashtra","Munde Gopinathrao Pandurang","Bharatiya Janta Party",1792650,1232202,"68.70%",136454,"11.10%"
"42","Begusarai",24,"GEN","Bihar [2000 Onwards]","Bhola Singh","Bharatiya Janta Party",1778759,1077855,"60.60%",58335,"5.40%"
"43","Belgaum",2,"GEN","Karnataka","Angadi Suresh Channabasappa","Bharatiya Janta Party",1581017,1078547,"68.20%",75860,"7.00%"
"44","Bellary",9,"ST","Karnataka","B. Sreeramulu","Bharatiya Janta Party",1487945,1045772,"70.30%",85144,"8.10%"
"45","Betul",29,"ST","Madhya Pradesh [2000 Onwards]","Jyoti Dhurve","Bharatiya Janta Party",1607822,1047719,"65.20%",328614,"31.40%"
"46","Bhadohi",78,"GEN","Uttar Pradesh [2000 Onwards]","Virendra Singh","Bharatiya Janta Party",1834598,981552,"53.50%",158039,"16.10%"
"47","Bhandara - Gondiya",11,"GEN","Maharashtra","Nanabhau Falgunrao Patole","Bharatiya Janta Party",1656284,1197196,"72.30%",149254,"12.50%"
"48","Bharatpur",9,"SC","Rajasthan","Bahadur Singh","Bharatiya Janta Party",1686897,962432,"57.10%",245468,"25.50%"
"49","Bharuch",22,"GEN","Gujarat","Vasava Mansukhbhai Dhanjibhai","Bharatiya Janta Party",1417548,1060211,"74.80%",153273,"14.50%"
"50","Bhavnagar",15,"GEN","Gujarat","Dr. Bharatiben Dhirubhai Shiyal","Bharatiya Janta Party",1594531,917402,"57.50%",295488,"32.20%"
"51","Bhilwara",23,"GEN","Rajasthan","Subhash Baheria","Bharatiya Janta Party",1754877,1104090,"62.90%",246264,"22.30%"
"52","Bhind",2,"SC","Madhya Pradesh [2000 Onwards]","Dr. Bhagirath Prasad","Bharatiya Janta Party",1598169,729084,"45.60%",159961,"21.90%"
"53","Bhiwandi",23,"GEN","Maharashtra","Kapil Moreshwar Patil","Bharatiya Janta Party",1696589,875605,"51.60%",109450,"12.50%"
"54","Bhiwani-Mahendragarh",8,"GEN","Haryana","Dharambir S/o Bhale Ram","Bharatiya Janta Party",1473912,1030431,"69.90%",129394,"12.60%"
"55","Bhopal",19,"GEN","Madhya Pradesh [2000 Onwards]","Alok Sanjar","Bharatiya Janta Party",1956936,1130182,"57.80%",370696,"32.80%"
"56","Bidar",7,"GEN","Karnataka","Bhagwanth Khuba","Bharatiya Janta Party",1600962,959384,"59.90%",92222,"9.60%"
"57","Bijapur",4,"SC","Karnataka","Ramesh Jigajinagi","Bharatiya Janta Party",1622635,966757,"59.60%",69819,"7.20%"
"58","Bijnor",4,"GEN","Uttar Pradesh [2000 Onwards]","Kunwar Bhartendra","Bharatiya Janta Party",1562065,1060346,"67.90%",205774,"19.40%"
"59","Bikaner",2,"SC","Rajasthan","Arjun Ram Meghwal","Bharatiya Janta Party",1591068,929751,"58.40%",308079,"33.10%"
"60","Bilaspur",5,"GEN","Chhattisgarh","Lakhan Lal Sahu","Bharatiya Janta Party",1727325,1090457,"63.10%",176436,"16.20%"
"61","Bulandshahr",14,"SC","Uttar Pradesh [2000 Onwards]","Bhola Singh","Bharatiya Janta Party",1736447,1009710,"58.20%",421973,"41.80%"
"62","Buxar",33,"GEN","Bihar [2000 Onwards]","Ashwini Kumar Choubey","Bharatiya Janta Party",1640567,888204,"54.10%",132338,"14.90%"
"63","Chandauli",76,"GEN","Uttar Pradesh [2000 Onwards]","Dr Mahendra Nath Pandey","Bharatiya Janta Party",1669140,980572,"58.80%",156756,"16.00%"
"64","Chandigarh",1,"GEN","Chandigarh","Kher Kirron Anupam","Bharatiya Janta Party",615214,453455,"73.70%",69642,"15.40%"
"65","Chandni Chowk",1,"GEN","Delhi [1977 Onwards]","Dr. Harsh Vardhan","Bharatiya Janta Party",1447228,981863,"67.80%",136320,"13.90%"
"66","Chandrapur",13,"GEN","Maharashtra","Ahir Hansraj Gangaram","Bharatiya Janta Party",1753690,1109743,"63.30%",236269,"21.30%"
"67","Chatra",4,"GEN","Jharkhand","Sunil Kumar Singh","Bharatiya Janta Party",1312545,712971,"54.30%",178026,"25.00%"
"68","Chhota Udaipur",21,"ST","Gujarat","Ramsinh Rathwa","Bharatiya Janta Party",1536305,1100542,"71.60%",179729,"16.30%"
"69","Chittorgarh",21,"GEN","Rajasthan","Chandra Prakash Joshi","Bharatiya Janta Party",1818147,1172629,"64.50%",316857,"27.00%"
"70","Churu",3,"GEN","Rajasthan","Rahul Kaswan","Bharatiya Janta Party",1753825,1131104,"64.50%",294739,"26.10%"
"71","Dadra And Nagar Haveli",1,"GEN","Dadra & Nagar Haveli","Patel Natubhai Gomanbhai","Bharatiya Janta Party",196617,165286,"84.10%",6214,"3.80%"
"72","Dahod",19,"ST","Gujarat","Jasvantsinh Sumanbhai Bhabhor","Bharatiya Janta Party",1411765,900381,"63.80%",230354,"25.60%"
"73","Dakshina Kannada",17,"GEN","Karnataka","Nalin Kumar Kateel","Bharatiya Janta Party",1565281,1207474,"77.10%",143709,"11.90%"
"74","Daman And Diu",1,"GEN","Daman & Diu","Patel Lalubhai Babubhai","Bharatiya Janta Party",111827,87233,"78.00%",9222,"10.60%"
"75","Damoh",7,"GEN","Madhya Pradesh [2000 Onwards]","Prahalad Singh Patel","Bharatiya Janta Party",1651106,912080,"55.20%",213299,"23.40%"
"76","Darbhanga",14,"GEN","Bihar [2000 Onwards]","Kirti Azad","Bharatiya Janta Party",1495446,828342,"55.40%",35043,"4.20%"
"77","Darjeeling",4,"GEN","West Bengal","S.S.Ahluwalia","Bharatiya Janta Party",1437126,1142009,"79.50%",197239,"17.30%"
"78","Dausa",11,"ST","Rajasthan","Harish Chandra Meena","Bharatiya Janta Party",1524095,930492,"61.10%",45404,"4.90%"
"79","Davanagere",13,"GEN","Karnataka","G M Siddeshwara","Bharatiya Janta Party",1522712,1114868,"73.20%",17607,"1.60%"
"80","Deoria",66,"GEN","Uttar Pradesh [2000 Onwards]","Kalraj Mishra","Bharatiya Janta Party",1806926,971557,"53.80%",265386,"27.30%"
"81","Dewas",21,"SC","Madhya Pradesh [2000 Onwards]","Manohar Untwal","Bharatiya Janta Party",1617215,1143968,"70.70%",260313,"22.80%"
"82","Dhanbad",7,"GEN","Jharkhand","Pashupati Nath Singh","Bharatiya Janta Party",1889994,1143902,"60.50%",292954,"25.60%"
"83","Dhar",25,"ST","Madhya Pradesh [2000 Onwards]","Savitri Thakur","Bharatiya Janta Party",1668441,1076816,"64.50%",104328,"9.70%"
"84","Dharwad",11,"GEN","Karnataka","Pralhad Joshi","Bharatiya Janta Party",1579024,1041226,"65.90%",113657,"10.90%"
"85","Dhaurahra",29,"GEN","Uttar Pradesh [2000 Onwards]","Rekha","Bharatiya Janta Party",1558039,1060271,"68.10%",125675,"11.90%"
"86","Dhule",2,"GEN","Maharashtra","Dr. Bhamre Subhash Ramrao","Bharatiya Janta Party",1674469,983083,"58.70%",130723,"13.30%"
"87","Dibrugarh",13,"GEN","Assam","Rameswar Teli","Bharatiya Janta Party",1124305,890968,"79.30%",185347,"20.80%"
"88","Dindori",20,"ST","Maharashtra","Chavan Harishchandra Deoram","Bharatiya Janta Party",1530139,970182,"63.40%",247619,"25.50%"
"89","Domariyaganj",60,"GEN","Uttar Pradesh [2000 Onwards]","Jagdambika Pal","Bharatiya Janta Party",1761415,935027,"53.10%",103588,"11.10%"
"90","East Delhi",3,"GEN","Delhi [1977 Onwards]","Maheish Girri","Bharatiya Janta Party",1829578,1196336,"65.40%",190463,"15.90%"
"91","Etah",22,"GEN","Uttar Pradesh [2000 Onwards]","Rajveer Singh (RAJU BHAIYA)","Bharatiya Janta Party",1577457,926281,"58.70%",201001,"21.70%"
"92","Etawah",41,"SC","Uttar Pradesh [2000 Onwards]","Ashok Kumar Doharey","Bharatiya Janta Party",1707237,939604,"55.00%",172946,"18.40%"
"93","Faizabad",54,"GEN","Uttar Pradesh [2000 Onwards]","Lallu Singh","Bharatiya Janta Party",1738701,1022716,"58.80%",282775,"27.60%"
"94","Faridabad",10,"GEN","Haryana","Krishan Pal","Bharatiya Janta Party",1740352,1130726,"65.00%",466873,"41.30%"
"95","Farrukhabad",40,"GEN","Uttar Pradesh [2000 Onwards]","Mukesh Rajput","Bharatiya Janta Party",1613781,970677,"60.20%",150502,"15.50%"
"96","Fatehpur",49,"GEN","Uttar Pradesh [2000 Onwards]","Niranjan Jyoti","Bharatiya Janta Party",1804777,1056688,"58.60%",187206,"17.70%"
"97","Fatehpur Sikri",19,"GEN","Uttar Pradesh [2000 Onwards]","Babulal","Bharatiya Janta Party",1580582,967968,"61.20%",173106,"17.90%"
"98","Gadchiroli-Chimur",12,"ST","Maharashtra","Ashok Mahadeorao Nete","Bharatiya Janta Party",1469767,1027129,"69.90%",236870,"23.10%"
"99","Gandhinagar",6,"GEN","Gujarat","L.K.Advani","Bharatiya Janta Party",1733972,1135495,"65.50%",483121,"42.50%"
"100","Ganganagar",1,"SC","Rajasthan","Nihalchand","Bharatiya Janta Party",1718421,1256806,"73.10%",291741,"23.20%"
"101","Garhwal",2,"GEN","Uttarakhand","(MAJ GEN (RETD.) ) BHUWAN CHANDRA KHANDURI (AVSM)","Bharatiya Janta Party",1269083,682024,"53.70%",184526,"27.10%"
"102","Gauhati",7,"GEN","Assam","Bijoya Chakravarty","Bharatiya Janta Party",1922270,1511729,"78.60%",315784,"20.90%"
"103","Gautam Buddh Nagar",13,"GEN","Uttar Pradesh [2000 Onwards]","Dr.Mahesh Sharma","Bharatiya Janta Party",1986117,1199238,"60.40%",280212,"23.40%"
"104","Gaya",38,"SC","Bihar [2000 Onwards]","Hari Manjhi","Bharatiya Janta Party",1500751,809378,"53.90%",115504,"14.30%"
"105","Ghaziabad",12,"GEN","Uttar Pradesh [2000 Onwards]","Vijay Kumar Singh","Bharatiya Janta Party",2357546,1342320,"56.90%",567260,"42.30%"
"106","Ghazipur",75,"GEN","Uttar Pradesh [2000 Onwards]","Manoj Sinha","Bharatiya Janta Party",1801519,986673,"54.80%",32452,"3.30%"
"107","Ghosi",70,"GEN","Uttar Pradesh [2000 Onwards]","Harinarayan Rajbhar","Bharatiya Janta Party",1891113,1039656,"55.00%",146015,"14.00%"
"108","Giridih",6,"GEN","Jharkhand","Ravindra Kumar Pandey","Bharatiya Janta Party",1515137,969997,"64.00%",40313,"4.20%"
"109","Godda",3,"GEN","Jharkhand","Nishikant Dubey","Bharatiya Janta Party",1590628,1049442,"66.00%",60682,"5.80%"
"110","Gonda",59,"GEN","Uttar Pradesh [2000 Onwards]","Kirti Vardhan Singh","Bharatiya Janta Party",1710827,873732,"51.10%",160416,"18.40%"
"111","Gopalganj",17,"SC","Bihar [2000 Onwards]","Janak Ram","Bharatiya Janta Party",1652767,903583,"54.70%",286936,"31.80%"
"112","Gorakhpur",64,"GEN","Uttar Pradesh [2000 Onwards]","Adityanath","Bharatiya Janta Party",1904498,1040199,"54.60%",312783,"30.10%"
"113","Gurdaspur",1,"GEN","Punjab","Vinod Khanna","Bharatiya Janta Party",1500337,1042699,"69.50%",136065,"13.00%"
"114","Gurgaon",9,"GEN","Haryana","Inderjit Singh Rao","Bharatiya Janta Party",1845623,1320619,"71.60%",274722,"20.80%"
"115","Gwalior",3,"GEN","Madhya Pradesh [2000 Onwards]","Narendra Singh Tomar","Bharatiya Janta Party",1877003,990912,"52.80%",29699,"3.00%"
"116","Hamirpur",3,"GEN","Himachal Pradesh","Anurag Singh Thakur","Bharatiya Janta Party",1247699,835205,"66.90%",98403,"11.80%"
"117","Hamirpur",47,"GEN","Uttar Pradesh [2000 Onwards]","Kunwar Pushpendra Singh Chandel","Bharatiya Janta Party",1737993,975240,"56.10%",266788,"27.40%"
"118","Hardoi",31,"SC","Uttar Pradesh [2000 Onwards]","Anshul Verma","Bharatiya Janta Party",1714387,972894,"56.80%",81343,"8.40%"
"119","Hardwar",5,"GEN","Uttarakhand","Ramesh Pokhriyal Nishank","Bharatiya Janta Party",1642873,1175692,"71.60%",177822,"15.10%"
"120","Hathras",16,"SC","Uttar Pradesh [2000 Onwards]","Rajesh Kumar Diwaker","Bharatiya Janta Party",1758927,1049273,"59.70%",326386,"31.10%"
"121","Haveri",10,"GEN","Karnataka","Udasi Shivakumar Channabasappa","Bharatiya Janta Party",1558749,1115968,"71.60%",87571,"7.80%"
"122","Hazaribagh",14,"GEN","Jharkhand","Jayant Sinha","Bharatiya Janta Party",1518831,967152,"63.70%",159128,"16.50%"
"123","Hoshangabad",17,"GEN","Madhya Pradesh [2000 Onwards]","Uday Pratap Singh","Bharatiya Janta Party",1568127,1031175,"65.80%",389960,"37.80%"
"124","Hoshiarpur",5,"SC","Punjab","Vijay Sampla","Bharatiya Janta Party",1485286,961297,"64.70%",13582,"1.40%"
"125","Indore",26,"GEN","Madhya Pradesh [2000 Onwards]","Sumitra Mahajan (TAI)","Bharatiya Janta Party",2115303,1316817,"62.30%",466901,"35.50%"
"126","Jabalpur",13,"GEN","Madhya Pradesh [2000 Onwards]","Rakesh Singh","Bharatiya Janta Party",1711683,1002184,"58.60%",208639,"20.80%"
"127","Jaipur",7,"GEN","Rajasthan","Ramcharan Bohara","Bharatiya Janta Party",1957818,1296806,"66.20%",539345,"41.60%"
"128","Jaipur Rural",6,"GEN","Rajasthan","Rajyavardhan Singh Rathore","Bharatiya Janta Party",1699462,1013691,"59.70%",332896,"32.80%"
"129","Jalaun",45,"SC","Uttar Pradesh [2000 Onwards]","Bhanu Pratap Singh Verma","Bharatiya Janta Party",1903332,1109166,"58.30%",287202,"25.90%"
"130","Jalgaon",3,"GEN","Maharashtra","A.T. Nana Patil","Bharatiya Janta Party",1707933,990332,"58.00%",383525,"38.70%"
"131","Jalna",18,"GEN","Maharashtra","Danve Raosaheb Dadarao","Bharatiya Janta Party",1612054,1066259,"66.10%",206798,"19.40%"
"132","Jalore",18,"GEN","Rajasthan","Devji Patel","Bharatiya Janta Party",1824968,1087272,"59.60%",381145,"35.10%"
"133","Jammu",6,"GEN","Jammu & Kashmir","Jugal Kishore","Bharatiya Janta Party",1848155,1253593,"67.80%",257280,"20.50%"
"134","Jamnagar",12,"GEN","Gujarat","Poonamben Hematbhai Maadam","Bharatiya Janta Party",1470952,852643,"58.00%",175289,"20.60%"
"135","Jamshedpur",9,"GEN","Jharkhand","Bidyut Baran Mahato","Bharatiya Janta Party",1581665,1049140,"66.30%",99876,"9.50%"
"136","Janjgir-Champa",3,"SC","Chhattisgarh","Kamla Patle","Bharatiya Janta Party",1737532,1073347,"61.80%",174961,"16.30%"
"137","Jaunpur",73,"GEN","Uttar Pradesh [2000 Onwards]","Krishna Pratap 'k.P.'","Bharatiya Janta Party",1848842,1007143,"54.50%",146310,"14.50%"
"138","Jhalawar-Baran",25,"GEN","Rajasthan","Dushyant Singh","Bharatiya Janta Party",1669842,1146364,"68.70%",281546,"24.60%"
"139","Jhanjharpur",7,"GEN","Bihar [2000 Onwards]","Birendra Kumar Chaudhary","Bharatiya Janta Party",1650753,941249,"57.00%",55408,"5.90%"
"140","Jhansi",46,"GEN","Uttar Pradesh [2000 Onwards]","Uma Bharati","Bharatiya Janta Party",1932015,1320804,"68.40%",190467,"14.40%"
"141","Jhunjhunu",4,"GEN","Rajasthan","Santosh Ahlawat","Bharatiya Janta Party",1696788,1006465,"59.30%",233835,"23.20%"
"142","Jodhpur",16,"GEN","Rajasthan","Gajendrasingh Shekhawat","Bharatiya Janta Party",1727363,1078598,"62.40%",410051,"38.00%"
"143","Jorhat",12,"GEN","Assam","Kamakhya Prasad Tasa","Bharatiya Janta Party",1234448,931336,"75.50%",102420,"11.00%"
"144","Junagadh",13,"GEN","Gujarat","Chudasama Rajeshbhai Naranbhai","Bharatiya Janta Party",1485543,941378,"63.40%",135832,"14.40%"
"145","Kachchh",1,"SC","Gujarat","Chavda Vinod Lakhamashi","Bharatiya Janta Party",1533782,946240,"61.70%",254482,"26.90%"
"146","Kairana",2,"GEN","Uttar Pradesh [2000 Onwards]","Hukum Singh","Bharatiya Janta Party",1531755,1119324,"73.10%",236828,"21.20%"
"147","Kaiserganj",57,"GEN","Uttar Pradesh [2000 Onwards]","Brij Bhusan Sharan Singh","Bharatiya Janta Party",1711967,943357,"55.10%",78218,"8.30%"
"148","Kangra",1,"GEN","Himachal Pradesh","Shanta Kumar","Bharatiya Janta Party",1258601,799445,"63.50%",170072,"21.30%"
"149","Kanker",11,"ST","Chhattisgarh","Vikram Dev Usendi","Bharatiya Janta Party",1447774,1016943,"70.20%",35158,"3.50%"
"150","Kanniyakumari",39,"GEN","Tamil Nadu","Radhakrishnan P.","Bharatiya Janta Party",1467796,990742,"67.50%",128662,"13.00%"
"151","Kanpur",43,"GEN","Uttar Pradesh [2000 Onwards]","Dr.Murli Manohar Joshi","Bharatiya Janta Party",1611248,835079,"51.80%",222946,"26.70%"
"152","Karauli-Dholpur",10,"SC","Rajasthan","Manoj Rajoria","Bharatiya Janta Party",1549662,845941,"54.60%",27216,"3.20%"
"153","Karnal",5,"GEN","Haryana","Ashwini Kumar","Bharatiya Janta Party",1684321,1193500,"70.90%",360147,"30.20%"
"154","Kaushambi",50,"SC","Uttar Pradesh [2000 Onwards]","Vinod Kumar Sonkar","Bharatiya Janta Party",1738994,910038,"52.30%",42847,"4.70%"
"155","Khajuraho",8,"GEN","Madhya Pradesh [2000 Onwards]","Nagendra Singh","Bharatiya Janta Party",1702794,874477,"51.40%",247490,"28.30%"
"156","Khandwa",28,"GEN","Madhya Pradesh [2000 Onwards]","Nandkumar Singh Chouhan (NANDU BHAIYA)","Bharatiya Janta Party",1759410,1257327,"71.50%",259714,"20.70%"
"157","Khargone",27,"ST","Madhya Pradesh [2000 Onwards]","Subhash Patel","Bharatiya Janta Party",1703271,1152525,"67.70%",257879,"22.40%"
"158","Kheda",17,"GEN","Gujarat","Chauhan Devusinh Jesingbhai (CHAUHAN DEVUSINH)","Bharatiya Janta Party",1599476,955906,"59.80%",232901,"24.40%"
"159","Kheri",28,"GEN","Uttar Pradesh [2000 Onwards]","Ajay Kumar","Bharatiya Janta Party",1679466,1077868,"64.20%",110274,"10.20%"
"160","Khunti",11,"ST","Jharkhand","Karia Munda","Bharatiya Janta Party",1111852,736955,"66.30%",92248,"12.50%"
"161","Kodarma",5,"GEN","Jharkhand","Ravindra Kr. Ray","Bharatiya Janta Party",1639629,1024906,"62.50%",98654,"9.60%"
"162","Koppal",8,"GEN","Karnataka","Karadi Sanganna Amarappa","Bharatiya Janta Party",1535105,1006508,"65.60%",32414,"3.20%"
"163","Korba",4,"GEN","Chhattisgarh","Dr. Banshilal Mahto","Bharatiya Janta Party",1419610,1052720,"74.20%",4265,"0.40%"
"164","Kota",24,"GEN","Rajasthan","Om Birla","Bharatiya Janta Party",1744539,1154960,"66.20%",200782,"17.40%"
"165","Kurukshetra",2,"GEN","Haryana","Raj Kumar Saini","Bharatiya Janta Party",1498459,1135892,"75.80%",129736,"11.40%"
"166","Kushi Nagar",65,"GEN","Uttar Pradesh [2000 Onwards]","Rajesh Pandey Urf Guddu","Bharatiya Janta Party",1680992,950445,"56.50%",85540,"9.00%"
"167","Ladakh",4,"GEN","Jammu & Kashmir","Thupstan Chhewang","Bharatiya Janta Party",166763,118029,"70.80%",36,"0.00%"
"168","Lakhimpur",14,"GEN","Assam","Sarbananda Sonowal","Bharatiya Janta Party",1430994,1111975,"77.70%",292138,"26.30%"
"169","Lalganj",68,"SC","Uttar Pradesh [2000 Onwards]","Neelam Sonkar","Bharatiya Janta Party",1661483,898655,"54.10%",63086,"7.00%"
"170","Latur",41,"SC","Maharashtra","Dr. Sunil Baliram Gaikwad","Bharatiya Janta Party",1682607,1057156,"62.80%",253395,"24.00%"
"171","Lohardaga",12,"ST","Jharkhand","Sudarshan Bhagat","Bharatiya Janta Party",1119144,651460,"58.20%",6489,"1.00%"
"172","Lucknow",35,"GEN","Uttar Pradesh [2000 Onwards]","Raj Nath Singh","Bharatiya Janta Party",1949956,1033783,"53.00%",272749,"26.40%"
"173","Machhlishahr",74,"SC","Uttar Pradesh [2000 Onwards]","Ram Charitra Nishad","Bharatiya Janta Party",1891969,997902,"52.70%",172155,"17.30%"
"174","Madhubani",6,"GEN","Bihar [2000 Onwards]","Hukm Deo Narayan Yadav","Bharatiya Janta Party",1627969,860453,"52.90%",20535,"2.40%"
"175","Maharajganj",63,"GEN","Uttar Pradesh [2000 Onwards]","Pankaj","Bharatiya Janta Party",1743131,1056078,"60.60%",240458,"22.80%"
"176","Maharajganj",19,"GEN","Bihar [2000 Onwards]","Janardan Singh Sigriwal","Bharatiya Janta Party",1644524,846654,"51.50%",38415,"4.50%"
"177","Mahasamund",9,"GEN","Chhattisgarh","Chandu Lal Sahu (CHANDU BHAIYA)","Bharatiya Janta Party",1515747,1131209,"74.60%",1217,"0.10%"
"178","Mahesana",4,"GEN","Gujarat","Patel Jayshreeben Kanubhai","Bharatiya Janta Party",1498219,1004258,"67.00%",208891,"20.80%"
"179","Mandi",2,"GEN","Himachal Pradesh","Ram Swaroop Sharma","Bharatiya Janta Party",1150408,726094,"63.10%",39856,"5.50%"
"180","Mandla",14,"ST","Madhya Pradesh [2000 Onwards]","Faggan Singh Kulaste","Bharatiya Janta Party",1824424,1218518,"66.80%",110469,"9.10%"
"181","Mandsour",23,"GEN","Madhya Pradesh [2000 Onwards]","Sudhir Gupta","Bharatiya Janta Party",1626571,1161349,"71.40%",303649,"26.10%"
"182","Mangaldoi",8,"GEN","Assam","Ramen Deka","Bharatiya Janta Party",1515676,1233237,"81.40%",22884,"1.90%"
"183","Mathura",17,"GEN","Uttar Pradesh [2000 Onwards]","Hema Malini","Bharatiya Janta Party",1682260,1076868,"64.00%",330743,"30.70%"
"184","Meerut",10,"GEN","Uttar Pradesh [2000 Onwards]","Rajendra Agarwal","Bharatiya Janta Party",1764388,1113384,"63.10%",232326,"20.90%"
"185","Misrikh",32,"SC","Uttar Pradesh [2000 Onwards]","Anju Bala","Bharatiya Janta Party",1725585,998314,"57.90%",87363,"8.80%"
"186","Mohanlalganj",34,"SC","Uttar Pradesh [2000 Onwards]","Kaushal Kishore","Bharatiya Janta Party",1838194,1116588,"60.70%",145416,"13.00%"
"187","Moradabad",6,"GEN","Uttar Pradesh [2000 Onwards]","Kunwer Sarvesh Kumar","Bharatiya Janta Party",1772046,1127965,"63.70%",87504,"7.80%"
"188","Morena",1,"GEN","Madhya Pradesh [2000 Onwards]","Anoop Mishra","Bharatiya Janta Party",1702492,854279,"50.20%",132981,"15.60%"
"189","Mumbai North",26,"GEN","Maharashtra","Gopal Chinayya Shetty","Bharatiya Janta Party",1783870,946562,"53.10%",446582,"47.20%"
"190","Mumbai North Central",29,"GEN","Maharashtra","Poonam Mahajan Alias Poonam Vajendla Rao","Bharatiya Janta Party",1738894,845292,"48.60%",186771,"22.10%"
"191","Mumbai North East",28,"GEN","Maharashtra","Kirit Somaiya","Bharatiya Janta Party",1668357,861761,"51.70%",317122,"36.80%"
"192","Muzaffarnagar",3,"GEN","Uttar Pradesh [2000 Onwards]","(DR.) SANJEEV KUMAR BALYAN","Bharatiya Janta Party",1588483,1107434,"69.70%",401150,"36.20%"
"193","Muzaffarpur",15,"GEN","Bihar [2000 Onwards]","Ajay Nishad","Bharatiya Janta Party",1551363,948887,"61.20%",222422,"23.40%"
"194","Mysore",21,"GEN","Karnataka","Prathap Simha","Bharatiya Janta Party",1723134,1159594,"67.30%",31608,"2.70%"
"195","Nagaur",14,"GEN","Rajasthan","C R Choudhary","Bharatiya Janta Party",1678662,1004019,"59.80%",75218,"7.50%"
"196","Nagina",5,"SC","Uttar Pradesh [2000 Onwards]","Yashwant Singh","Bharatiya Janta Party",1493411,942196,"63.10%",92390,"9.80%"
"197","Nagpur",10,"GEN","Maharashtra","Gadkari Nitin Jairam","Bharatiya Janta Party",1900787,1085058,"57.10%",284828,"26.30%"
"198","Nainital-Udhamsingh Nagar",4,"GEN","Uttarakhand","Bhagat Singh Koshyari","Bharatiya Janta Party",1610810,1101435,"68.40%",284717,"25.80%"
"199","Nandurbar",1,"ST","Maharashtra","Dr.Gavit Heena Vaijaykumar","Bharatiya Janta Party",1672715,1116676,"66.80%",106905,"9.60%"
"200","Narsapuram",26,"GEN","Andhra Pradesh [2014 Onwards]","Gokaraju Ganga Raju","Bharatiya Janta Party",1325143,1088951,"82.20%",85351,"7.80%"
"201","Navsari",25,"GEN","Gujarat","C. R. Patil","Bharatiya Janta Party",1764622,1160747,"65.80%",558116,"48.10%"
"202","Nawada",39,"GEN","Bihar [2000 Onwards]","Giriraj Singh","Bharatiya Janta Party",1675789,884441,"52.80%",140157,"15.80%"
"203","New Delhi",4,"GEN","Delhi [1977 Onwards]","Meenakashi Lekhi","Bharatiya Janta Party",1490147,969812,"65.10%",162708,"16.80%"
"204","North East Delhi",2,"GEN","Delhi [1977 Onwards]","Manoj Tiwari","Bharatiya Janta Party",1957707,1317338,"67.30%",144084,"10.90%"
"205","North Goa",1,"GEN","Goa","Shripad Yesso Naik","Bharatiya Janta Party",515441,406631,"78.90%",105599,"26.00%"
"206","North West Delhi",5,"SC","Delhi [1977 Onwards]","Udit Raj","Bharatiya Janta Party",2194425,1356036,"61.80%",106802,"7.90%"
"207","Nowgong",10,"GEN","Assam","Rajen Gohain","Bharatiya Janta Party",1523881,1230074,"80.70%",143559,"11.70%"
"208","Palamau",13,"SC","Jharkhand","Vishnu Dayal Ram","Bharatiya Janta Party",1645957,977323,"59.40%",263942,"27.00%"
"209","Palghar",22,"ST","Maharashtra","Adv. Chintaman Navasha Wanga","Bharatiya Janta Party",1578077,992618,"62.90%",239520,"24.10%"
"210","Pali",15,"GEN","Rajasthan","P P Choudhary","Bharatiya Janta Party",1893030,1095587,"57.90%",399039,"36.40%"
"211","Panchmahal",18,"GEN","Gujarat","Chauhan Prabhatsinh Pratapsinh","Bharatiya Janta Party",1576667,933461,"59.20%",170596,"18.30%"
"212","Paschim Champaran",2,"GEN","Bihar [2000 Onwards]","Dr. Sanjay Jaiswal","Bharatiya Janta Party",1413073,854800,"60.50%",110254,"12.90%"
"213","Pataliputra",31,"GEN","Bihar [2000 Onwards]","Ram Kripal Yadav","Bharatiya Janta Party",1736074,978649,"56.40%",40322,"4.10%"
"214","Patan",3,"GEN","Gujarat","Liladharbhai Khodaji Vaghela","Bharatiya Janta Party",1628641,955799,"58.70%",138719,"14.50%"
"215","Patna Sahib",30,"GEN","Bihar [2000 Onwards]","Shatrughana Sinha","Bharatiya Janta Party",1946249,882262,"45.30%",265805,"30.10%"
"216","Phulpur",51,"GEN","Uttar Pradesh [2000 Onwards]","Keshav Prasad Maurya","Bharatiya Janta Party",1913274,960341,"50.20%",308308,"32.10%"
"217","Pilibhit",26,"GEN","Uttar Pradesh [2000 Onwards]","Maneka Sanjay Gandhi","Bharatiya Janta Party",1671151,1050547,"62.90%",307052,"29.20%"
"218","Porbandar",11,"GEN","Gujarat","Radadiya Vithalbhai Hansrajbhai","Bharatiya Janta Party",1539223,809433,"52.60%",267971,"33.10%"
"219","Pune",34,"GEN","Maharashtra","Anil Shirole","Bharatiya Janta Party",1835836,993274,"54.10%",315769,"31.80%"
"220","Purvi Champaran",3,"GEN","Bihar [2000 Onwards]","Radha Mohan Singh","Bharatiya Janta Party",1452963,822671,"56.60%",192163,"23.40%"
"221","Raigarh",2,"ST","Chhattisgarh","Vishnu Deo Sai","Bharatiya Janta Party",1605824,1246186,"77.60%",216750,"17.40%"
"222","Raipur",8,"GEN","Chhattisgarh","Ramesh Bais","Bharatiya Janta Party",1904230,1250845,"65.70%",171646,"13.70%"
"223","Rajgarh",20,"GEN","Madhya Pradesh [2000 Onwards]","Rodmal Nagar","Bharatiya Janta Party",1578748,1010724,"64.00%",228737,"22.60%"
"224","Rajkot",10,"GEN","Gujarat","Kundariya Mohanbhai Kalyanjibhai","Bharatiya Janta Party",1655717,1057069,"63.80%",246428,"23.30%"
"225","Rajnandgaon",6,"GEN","Chhattisgarh","Abhishek Singh","Bharatiya Janta Party",1588095,1178296,"74.20%",235911,"20.00%"
"226","Rajsamand",22,"GEN","Rajasthan","Hariom Singh Rathore","Bharatiya Janta Party",1699401,982119,"57.80%",395705,"40.30%"
"227","Rampur",7,"GEN","Uttar Pradesh [2000 Onwards]","Dr. Nepal Singh","Bharatiya Janta Party",1616984,956389,"59.20%",23435,"2.50%"
"228","Ranchi",8,"GEN","Jharkhand","Ram Tahal Choudhary","Bharatiya Janta Party",1648464,1049783,"63.70%",199303,"19.00%"
"229","Ratlam",24,"ST","Madhya Pradesh [2000 Onwards]","Dileepsingh Bhuria","Bharatiya Janta Party",1702648,1082681,"63.60%",108447,"10.00%"
"230","Raver",4,"GEN","Maharashtra","Khadase Raksha Nikhil","Bharatiya Janta Party",1593370,1009213,"63.30%",318068,"31.50%"
"231","Rewa",10,"GEN","Madhya Pradesh [2000 Onwards]","Janardan Mishra","Bharatiya Janta Party",1544719,830002,"53.70%",168726,"20.30%"
"232","Robertsganj",80,"SC","Uttar Pradesh [2000 Onwards]","Chhotelal","Bharatiya Janta Party",1639561,885873,"54.00%",190486,"21.50%"
"233","Sabarkantha",5,"GEN","Gujarat","Rathod Dipsinh Shankarsinh","Bharatiya Janta Party",1615840,1094002,"67.70%",84455,"7.70%"
"234","Sagar",5,"GEN","Madhya Pradesh [2000 Onwards]","Laxmi Narayan Yadav","Bharatiya Janta Party",1520184,891929,"58.70%",120737,"13.50%"
"235","Saharanpur",1,"GEN","Uttar Pradesh [2000 Onwards]","Raghav Lakhanpal","Bharatiya Janta Party",1608833,1194308,"74.20%",65090,"5.50%"
"236","Salempur",71,"GEN","Uttar Pradesh [2000 Onwards]","Ravindra Kushawaha","Bharatiya Janta Party",1661737,854749,"51.40%",232342,"27.20%"
"237","Sambhal",8,"GEN","Uttar Pradesh [2000 Onwards]","Satyapal Singh","Bharatiya Janta Party",1693245,1057002,"62.40%",5174,"0.50%"
"238","Sangli",44,"GEN","Maharashtra","Sanjaykaka Patil","Bharatiya Janta Party",1649107,1046659,"63.50%",239292,"22.90%"
"239","Sant Kabir Nagar",62,"GEN","Uttar Pradesh [2000 Onwards]","Sharad Tripathi","Bharatiya Janta Party",1904327,1011649,"53.10%",97978,"9.70%"
"240","Saran",20,"GEN","Bihar [2000 Onwards]","Rajiv Pratap Rudy","Bharatiya Janta Party",1538744,863254,"56.10%",40948,"4.70%"
"241","Sarguja",1,"ST","Chhattisgarh","Kamalbhan Singh Marabi","Bharatiya Janta Party",1523072,1187321,"78.00%",147236,"12.40%"
"242","Sasaram",34,"SC","Bihar [2000 Onwards]","Chhedi Paswan","Bharatiya Janta Party",1607747,846788,"52.70%",63327,"7.50%"
"243","Satna",9,"GEN","Madhya Pradesh [2000 Onwards]","Ganesh Singh","Bharatiya Janta Party",1458084,913444,"62.70%",8688,"1.00%"
"244","Secundrabad",8,"GEN","Telangana","Bandaru Dattatreya","Bharatiya Janta Party",1893647,1003769,"53.00%",254735,"25.40%"
"245","Shahdol",12,"ST","Madhya Pradesh [2000 Onwards]","Dalpat Singh Paraste","Bharatiya Janta Party",1561321,968518,"62.00%",241301,"24.90%"
"246","Shahjahanpur",27,"SC","Uttar Pradesh [2000 Onwards]","Krishna Raj","Bharatiya Janta Party",1979294,1129841,"57.10%",235529,"20.80%"
"247","Sheohar",4,"GEN","Bihar [2000 Onwards]","Rama Devi","Bharatiya Janta Party",1489724,842894,"56.60%",136239,"16.20%"
"248","Shimla",4,"SC","Himachal Pradesh","Virender Kashyap","Bharatiya Janta Party",1153363,737757,"64.00%",84187,"11.40%"
"249","Shimoga",14,"GEN","Karnataka","B. S. Yeddyurappa","Bharatiya Janta Party",1562241,1129008,"72.30%",363305,"32.20%"
"250","Shrawasti",58,"GEN","Uttar Pradesh [2000 Onwards]","Daddan Mishra","Bharatiya Janta Party",1788080,979638,"54.80%",85913,"8.80%"
"251","Sidhi",11,"GEN","Madhya Pradesh [2000 Onwards]","Riti Pathak","Bharatiya Janta Party",1736050,989396,"57.00%",108046,"10.90%"
"252","Sikar",5,"GEN","Rajasthan","Sumedhanand Saraswati","Bharatiya Janta Party",1770424,1065750,"60.20%",239196,"22.40%"
"253","Singhbhum",10,"ST","Jharkhand","Laxman Giluwa","Bharatiya Janta Party",1152570,795286,"69.00%",87524,"11.00%"
"254","Sitapur",30,"GEN","Uttar Pradesh [2000 Onwards]","Rajesh Verma","Bharatiya Janta Party",1550263,1026972,"66.30%",51027,"5.00%"
"255","Siwan",18,"GEN","Bihar [2000 Onwards]","Om Prakash Yadav","Bharatiya Janta Party",1563860,884021,"56.50%",113847,"12.90%"
"256","Solapur",42,"SC","Maharashtra","Sharad Bansode","Bharatiya Janta Party",1702755,951201,"55.90%",149674,"15.70%"
"257","Sonipat",6,"GEN","Haryana","Ramesh Chander","Bharatiya Janta Party",1417188,985637,"69.60%",77414,"7.90%"
"258","South Delhi",7,"GEN","Delhi [1977 Onwards]","Ramesh Bidhuri","Bharatiya Janta Party",1752741,1102410,"62.90%",107000,"9.70%"
"259","South Goa",2,"GEN","Goa","Adv. Narendra Keshav Sawaikar","Bharatiya Janta Party",545336,410369,"75.30%",32330,"7.90%"
"260","Sultanpur",38,"GEN","Uttar Pradesh [2000 Onwards]","Feroze Varun Gandhi","Bharatiya Janta Party",1703698,964981,"56.60%",178902,"18.50%"
"261","Sundargarh",2,"ST","Orissa","Jual @ Juel Oram","Bharatiya Janta Party",1410532,1010711,"71.70%",18829,"1.90%"
"262","Surat",24,"GEN","Gujarat","Darshana Vikram Jardosh","Bharatiya Janta Party",1484068,947922,"63.90%",533190,"56.20%"
"263","Surendranagar",9,"GEN","Gujarat","Fatepara Devajibhai Govindbhai","Bharatiya Janta Party",1656657,944677,"57.00%",202907,"21.50%"
"264","Tehri Garhwal",1,"GEN","Uttarakhand","Mala Rajya Laxmi Shah","Bharatiya Janta Party",1352845,776214,"57.40%",192503,"24.80%"
"265","Tezpur",9,"GEN","Assam","Ram Prasad Sarmah","Bharatiya Janta Party",1259568,980688,"77.90%",86020,"8.80%"
"266","Tikamgarh",6,"SC","Madhya Pradesh [2000 Onwards]","Dr. Virendra Kumar","Bharatiya Janta Party",1529003,766321,"50.10%",208731,"27.20%"
"267","Tonk-Sawai Madhopur",12,"GEN","Rajasthan","Sukhbir Singh Jaunapuria","Bharatiya Janta Party",1710775,1043040,"61.00%",135311,"13.00%"
"268","Udaipur",19,"ST","Rajasthan","Arjunlal Meena","Bharatiya Janta Party",1817940,1193202,"65.60%",236762,"19.80%"
"269","Udhampur",5,"GEN","Jammu & Kashmir","Dr. Jitendra Singh","Bharatiya Janta Party",1490244,1041758,"69.90%",60976,"5.90%"
"270","Udupi Chikmagalur",15,"GEN","Karnataka","Shobha Karandlaje","Bharatiya Janta Party",1387295,1034108,"74.50%",181643,"17.60%"
"271","Ujiarpur",22,"GEN","Bihar [2000 Onwards]","Nityanand Rai","Bharatiya Janta Party",1428445,858920,"60.10%",60469,"7.00%"
"272","Ujjain",22,"SC","Madhya Pradesh [2000 Onwards]","Prof. Chintamani Malviya","Bharatiya Janta Party",1525481,1016405,"66.60%",309663,"30.50%"
"273","Unnao",33,"GEN","Uttar Pradesh [2000 Onwards]","Swami Sachchidanand Hari Sakshi","Bharatiya Janta Party",2164392,1201603,"55.50%",310173,"25.80%"
"274","Uttara Kannada",12,"GEN","Karnataka","Anantkumar Hegde","Bharatiya Janta Party",1450599,1001038,"69.00%",140700,"14.10%"
"275","Vadodara",20,"GEN","Gujarat","Narendra Modi","Bharatiya Janta Party",1638321,1161577,"70.90%",570128,"49.10%"
"276","Valmiki Nagar",1,"GEN","Bihar [2000 Onwards]","Satish Chandra Dubey","Bharatiya Janta Party",1456576,900114,"61.80%",117793,"13.10%"
"277","Valsad",26,"ST","Gujarat","Dr. K.C.Patel","Bharatiya Janta Party",1512061,1122203,"74.20%",208004,"18.50%"
"278","Varanasi",77,"GEN","Uttar Pradesh [2000 Onwards]","Narendra Modi","Bharatiya Janta Party",1767486,1030685,"58.30%",371784,"36.10%"
"279","Vidisha",18,"GEN","Madhya Pradesh [2000 Onwards]","Sushma Swaraj","Bharatiya Janta Party",1634370,1073473,"65.70%",410698,"38.30%"
"280","Visakhapatnam",21,"GEN","Andhra Pradesh [2014 Onwards]","Kambhampati Hari Babu","Bharatiya Janta Party",1723037,1163558,"67.50%",90488,"7.80%"
"281","Wardha",8,"GEN","Maharashtra","Ramdas Chandrabhanji Tadas","Bharatiya Janta Party",1564553,1013445,"64.80%",215783,"21.30%"
"282","West Delhi",6,"GEN","Delhi [1977 Onwards]","Parvesh Sahib Singh Verma","Bharatiya Janta Party",2039410,1347971,"66.10%",268586,"19.90%"
